{"name":"49af294b-5aa2-4af8-bb8f-a3cab95c23c0","id":"/providers/Microsoft.Flow/flows/49af294b-5aa2-4af8-bb8f-a3cab95c23c0","type":"Microsoft.Flow/flows","properties":{"apiId":"/providers/Microsoft.PowerApps/apis/shared_logicflows","displayName":"AdaptiveCards1","definition":{"metadata":{"workflowEntityId":null,"creator":{"id":"4f569c91-10ef-410a-b6a5-47bf06d45448","type":"User","tenantId":"2d36a2ea-201a-4e58-bfaa-704bad58b943"},"provisioningMethod":"FromDefinition","failureAlertSubscription":true,"clientLastModifiedTime":"2019-12-04T21:27:35.0749662Z"},"$schema":"https://schema.management.azure.com/providers/Microsoft.Logic/schemas/2016-06-01/workflowdefinition.json#","contentVersion":"1.0.0.0","parameters":{"$connections":{"defaultValue":{},"type":"Object"},"$authentication":{"defaultValue":{},"type":"SecureObject"}},"triggers":{"manual":{"type":"Request","kind":"Button","inputs":{"schema":{"type":"object","properties":{"boolean":{"title":"Yes/No","type":"boolean","x-ms-dynamically-added":true,"description":"Please select yes or no","x-ms-content-hint":"BOOLEAN"}},"required":["boolean"]}}}},"actions":{"Compose":{"runAfter":{"Parse_JSON":["Succeeded"]},"type":"Compose","inputs":"<script type=\"application/adaptivecard+json\">\n{\n    \"$schema\": \"http://adaptivecards.io/schemas/adaptive-card.json\",\n    \"type\": \"AdaptiveCard\",\n    \"version\": \"1.0\",\n    \"body\": [\n        {\n            \"type\": \"Container\",\n            \"id\": \"45ac620d-7530-1371-a07f-44d9028fc4b9\",\n            \"padding\": \"Medium\",\n            \"items\": [\n                {\n                    \"type\": \"Container\",\n                    \"id\": \"3d4e5f64-345f-9eb0-bcc5-84d7469aada8\",\n                    \"padding\": \"None\",\n                    \"items\": [\n                        {\n                            \"type\": \"ColumnSet\",\n                            \"id\": \"25cd6d1d-2ee5-ff2f-bab5-c8246fcf8776\",\n                            \"columns\": [\n                                {\n                                    \"type\": \"Column\",\n                                    \"id\": \"e7c9fb7d-073a-99b6-ffed-37449dd3e7b1\",\n                                    \"padding\": \"None\",\n                                    \"width\": \"auto\",\n                                    \"items\": [\n                                        {\n                                            \"type\": \"Image\",\n                                            \"id\": \"8285e36e-c3f0-0aa8-5d62-5c12afc40e13\",\n                                            \"url\": \"@{body('Parse_JSON')?['brand']?['logo']}\",\n                                            \"size\": \"Medium\"\n                                        }\n                                    ]\n                                },\n                                {\n                                    \"type\": \"Column\",\n                                    \"id\": \"3606c3a5-ec44-4dce-6780-df638979116d\",\n                                    \"padding\": \"None\",\n                                    \"width\": 50,\n                                    \"verticalContentAlignment\": \"Center\",\n                                    \"items\": [\n                                        {\n                                            \"type\": \"TextBlock\",\n                                            \"id\": \"2bbaef48-6ffc-4db3-3a93-37ada7d1b31b\",\n                                            \"text\": \"@{body('Parse_JSON')?['title']}\",\n                                            \"wrap\": true,\n                                            \"size\": \"Medium\",\n                                            \"weight\": \"Bolder\"\n                                        }\n                                    ]\n                                }\n                            ],\n                            \"padding\": \"None\"\n                        }\n                    ]\n                }\n            ],\n            \"spacing\": \"Medium\",\n            \"style\": \"emphasis\"\n        },\n        {\n            \"type\": \"Container\",\n            \"id\": \"2e5d8721-846c-6f4e-c87a-7927fdba6289\",\n            \"padding\": {\n                \"top\": \"Large\",\n                \"bottom\": \"Small\",\n                \"left\": \"Medium\",\n                \"right\": \"Medium\"\n            },\n            \"items\": [\n                {\n                    \"type\": \"FactSet\",\n                    \"id\": \"7176bca4-16e6-ba15-9eab-f8613234db63\",\n                    \"facts\": [\n                        {\n                            \"title\": \"Requested By:\",\n                            \"value\": \"@{body('Parse_JSON')?['customer']?['firstName']} @{body('Parse_JSON')?['customer']?['lastName']}\"\n                        }\n                    ]\n                },\n                {\n                    \"type\": \"TextBlock\",\n                    \"id\": \"95293939-50be-517b-5e90-d4a15bf04e0e\",\n                    \"text\": \"[@{body('Parse_JSON')?['customer']?['customerEmail']}](mailto:@{body('Parse_JSON')?['customer']?['customerEmail']})\",\n                    \"wrap\": true,\n                    \"spacing\": \"None\",\n                    \"weight\": \"Lighter\"\n                }\n            ],\n            \"spacing\": \"None\"\n        },\n        {\n            \"type\": \"Container\",\n            \"id\": \"5d7791b6-fb12-f898-d027-7feccad73229\",\n            \"padding\": {\n                \"top\": \"Small\",\n                \"bottom\": \"Small\",\n                \"left\": \"Medium\",\n                \"right\": \"Medium\"\n            },\n            \"items\": [\n                {\n                    \"type\": \"FactSet\",\n                    \"id\": \"97aab865-08b6-7136-3feb-cc32a24444c2\",\n                    \"facts\": [\n                        {\n                            \"title\": \"Date:\",\n                            \"value\": \"@{body('Convert_time_zone')}\"\n                        },\n                        {\n                            \"title\": \"Details\",\n                            \"value\": \"@{body('Parse_JSON')?['customer']?['firstName']} @{body('Parse_JSON')?['customer']?['lastName']} has requested access to @{body('Parse_JSON')?['customer']?['siteRequested']}\"\n                        },\n                        {\n                            \"title\": \"Link\",\n                            \"value\": \"[@{body('Parse_JSON')?['customer']?['siteLink']}](@{body('Parse_JSON')?['customer']?['siteLink']})\"\n                        }\n                    ]\n                }\n            ],\n            \"spacing\": \"None\"\n        },\n        {\n            \"type\": \"Container\",\n            \"id\": \"1af08f0a-9d82-e166-efd6-f92947eec3c6\",\n            \"padding\": \"Medium\",\n            \"items\": [\n                {\n                    \"type\": \"Container\",\n                    \"id\": \"06166fb7-7843-e133-e032-28ea016781db\",\n                    \"padding\": \"None\",\n                    \"items\": [\n                        {\n                            \"type\": \"ActionSet\",\n                            \"id\": \"03fa8a40-d7e6-ee16-2adc-1a3f7789e79c\",\n                            \"actions\": [\n                                {\n                                    \"type\": \"Action.ShowCard\",\n                                    \"id\": \"approve\",\n                                    \"title\": \"Approve\",\n                                    \"card\": {\n                                        \"type\": \"AdaptiveCard\",\n                                        \"padding\": \"None\",\n                                        \"$schema\": \"http://adaptivecards.io/schemas/adaptive-card.json\",\n                                        \"fallbackText\": \"responseTxt\",\n                                        \"body\": [\n                                            {\n                                                \"type\": \"Input.Text\",\n                                                \"id\": \"approveText\",\n                                                \"placeholder\": \"Reason (optional)\",\n                                                \"isMultiline\": true\n                                            },\n                                            {\n                                                \"type\": \"ActionSet\",\n                                                \"id\": \"735ec4e9-92a3-d018-f2fe-930f74efe7e7\",\n                                                \"actions\": [\n                                                    {\n                                                        \"type\": \"Action.Http\",\n                                                        \"id\": \"97f36504-377a-14dc-caac-45fb2f87f801\",\n                                                        \"title\": \"Submit\",\n                                                        \"url\": \"https://prod-26.centralus.logic.azure.com:443/workflows/1356fde45aa14c79aa5695898c04b37d/triggers/manual/paths/invoke?api-version=2016-10-01&sp=%2Ftriggers%2Fmanual%2Frun&sv=1.0&sig=rB6eeGGJcHs_GoeEHL-lxfll1BvXBZ65Ykm_LsLKjzQ\",\n                                                        \"method\": \"POST\",\n                                                        \"body\": \"{\\\"response\\\":\\\"{{approveText.value}}\\\",\\\"status\\\":\\\"Approved\\\"}\",\n                                                        \"headers\": [\n                                                            {\n                                                                \"name\": \"Authorization\",\n                                                                \"value\":\"\"\n                                                            },\n                                                            {\n                                                                \"name\": \"Content-type\",\n                                                                \"value\": \"application/json\"\n                                                            }\n                                                        ]\n                                                    }\n                                                ]\n                                            }\n                                        ]\n                                    }\n                                },\n                                {\n                                    \"type\": \"Action.ShowCard\",\n                                    \"title\": \"Reject\",\n                                    \"card\": {\n                                        \"type\": \"AdaptiveCard\",\n                                        \"padding\": \"None\",\n                                        \"$schema\": \"http://adaptivecards.io/schemas/adaptive-card.json\",\n                                        \"fallbackText\": \"responseTxt\",\n                                        \"body\": [\n                                            {\n                                                \"type\": \"Input.Text\",\n                                                \"id\": \"rejectText\",\n                                                \"placeholder\": \"Reason (optional)\",\n                                                \"isMultiline\": true\n                                            },\n                                            {\n                                                \"type\": \"ActionSet\",\n                                                \"id\": \"c5d0019f-2cf4-9368-cfd5-eb743f246d0f\",\n                                                \"actions\": [\n                                                    {\n                                                        \"type\": \"Action.Http\",\n                                                        \"id\": \"597c51f0-1b6c-b094-a941-acc952377e54\",\n                                                        \"title\": \"Submit\",\n                                                        \"url\": \"https://prod-26.centralus.logic.azure.com:443/workflows/1356fde45aa14c79aa5695898c04b37d/triggers/manual/paths/invoke?api-version=2016-10-01&sp=%2Ftriggers%2Fmanual%2Frun&sv=1.0&sig=rB6eeGGJcHs_GoeEHL-lxfll1BvXBZ65Ykm_LsLKjzQ\",\n                                                        \"method\": \"POST\",\n                                                        \"body\": \"{\\\"response\\\":\\\"{{rejectText.value}}\\\",\\\"status\\\":\\\"Rejected\\\"}\",\n                                                        \"headers\": [\n                                                            {\n                                                                \"name\": \"Authorization\",\n                                                                \"value\":\"\"\n                                                            },\n                                                            {\n                                                                \"name\": \"Content-type\",\n                                                                \"value\": \"application/json\"\n                                                            }\n                                                        ]\n                                                    }\n                                                ]\n                                            }\n                                        ]\n                                    },\n                                    \"id\": \"reject\"\n                                }\n                            ]\n                        }\n                    ]\n                }\n            ],\n            \"spacing\": \"None\",\n            \"style\": \"emphasis\"\n        }\n    ],\n    \"padding\": \"None\",\n    \"@type\": \"AdaptiveCard\",\n    \"@context\": \"http://schema.org/extensions\"\n}\n</script>"},"Send_an_email":{"runAfter":{"Compose":["Succeeded"]},"metadata":{"flowSystemMetadata":{"swaggerOperationId":"SendEmail"}},"type":"ApiConnection","inputs":{"host":{"connection":{"name":"@json(decodeBase64(triggerOutputs().headers['X-MS-APIM-Tokens']))['$connections']['shared_outlook']['connectionId']"},"api":{"runtimeUrl":"https://flow-apim-msmanaged-na-centralus-01.azure-apim.net/apim/outlook"}},"method":"post","body":{"To":"inquiry@envisionit.com","Subject":"test","Body":"@{outputs('Compose')}","IsHtml":true},"path":"/Mail","authentication":{"type":"Raw","value":"@json(decodeBase64(triggerOutputs().headers['X-MS-APIM-Tokens']))['$ConnectionKey']"}}},"Parse_JSON":{"runAfter":{"Convert_time_zone":["Succeeded"]},"type":"ParseJson","inputs":{"content":{"title":"Pending Approval","brand":{"name":"EIT","logo":"https://www.envisionit.com/img/logo-eit.png","sendEmail":"email@email.com"},"customer":{"firstName":"John","lastName":"Doe","customerEmail":"john@email.com","siteRequested":"SampleSite","details":"has been requested by","siteLink":"www.eum.co"}},"schema":{"type":"object","properties":{"title":{"type":"string"},"brand":{"type":"object","properties":{"name":{"type":"string"},"logo":{"type":"string"},"sendEmail":{"type":"string"}}},"customer":{"type":"object","properties":{"firstName":{"type":"string"},"lastName":{"type":"string"},"customerEmail":{"type":"string"},"siteRequested":{"type":"string"},"details":{"type":"string"},"siteLink":{"type":"string"}}}}}}},"Current_time":{"runAfter":{},"type":"Expression","kind":"CurrentTime","inputs":{}},"Convert_time_zone":{"runAfter":{"Current_time":["Succeeded"]},"type":"Expression","kind":"ConvertTimeZone","inputs":{"baseTime":"@body('Current_time')","formatString":"f","sourceTimeZone":"UTC","destinationTimeZone":"Eastern Standard Time"}}}},"connectionReferences":{"shared_outlook":{"connectionName":"shared-outlook-95b83379-e7af-49a5-8f56-8112e327c479","source":"Invoker","id":"/providers/Microsoft.PowerApps/apis/shared_outlook","tier":"NotSpecified"}},"flowFailureAlertSubscribed":false}}